{
    "RNN_Pretrained=True": {
        "Accuracy": 0.32719459791282995,
        "F1-score": 0.16435399321615787
    },
    "RNN_Pretrained=False": {
        "Accuracy": 0.3259668508287293,
        "F1-score": 0.1638888888888889
    }
}